<?xml version="1.0" encoding="UTF-8"?>
<!DOCTYPE keymap>
<keymap>
 <Ide>
  <Remove-Split shortcut="F11" function="Remove Split"/>
  <Change-Split-Focus shortcut="Ctrl+M" function="Change the keyboard focus between the current splits"/>
  <Help shortcut="F2" function="Show Application Help"/>
  <Save-All shortcut="Ctrl+Shift+S" function="Save all filee"/>
  <Stop-Execution shortcut="F6" function="Stop Execution"/>
  <Fullscreen shortcut="F8" function="Full Screen"/>
  <Run-Project shortcut="F5" function="Execute current project"/>
  <Change-Tab shortcut="F12" function="Change to the next Tab"/>
  <Split-Vertical shortcut="F9" function="Split Tabs Vertically"/>
  <Python-Manuals shortcut="F1" function="Python Manuals"/>
  <Change-Tab-Reverse shortcut="Ctrl+Tab" function="Change to the previous Tab"/>
  <Run-File shortcut="F4" function="Execute current file"/>
  <Open-File shortcut="Ctrl+O" function="Open a File"/>
  <Reload-File shortcut="F7" function="Reload File"/>
  <Split-Horizontal shortcut="F10" function="Split Tabs Horizontally"/>
  <Find-Next shortcut="Ctrl+G" function="Find Next"/>
  <New-File shortcut="Ctrl+N" function="Create a New tab"/>
  <Print shortcut="Ctrl+P" function="Print current file"/>
  <Go-to-Line shortcut="Alt+G" function="Go to Line"/>
  <Find shortcut="Ctrl+F" function="Find"/>
  <Replace shortcut="Ctrl+H" function="Replace"/>
  <Find-Previous shortcut="Shift+F3" function="Find Previous"/>
  <Build shortcut="Ctrl+Shift+B" function="Build Project"/>
  <Save-File shortcut="Ctrl+S" function="Save the current file"/>
 </Ide>
 <Editor>
  <Extend-Selection-Down-One-Paragraph shortcut="Ctrl+Shift+]" function="Extend Selection Down One Paragraph"/>
  <Scroll-View-Up-One-Line shortcut="Ctrl+Up" function="Scroll View Up One Line"/>
  <Convert-Selection-To-Upper-Case shortcut="Ctrl+Shift+U" function="Convert Selection To Upper Case"/>
  <Delete-Line-To-Left shortcut="Ctrl+Shift+Backspace" function="Delete Line To Left"/>
  <Extend-Selection-Down-One-Line shortcut="Shift+Down" function="Extend Selection Down One Line"/>
  <Move-Up-One-Paragraph shortcut="Ctrl+[" function="Move Up One Paragraph"/>
  <Extend-Rectangular-Selection-To-End-Of-Document-Line shortcut="Alt+Shift+End" function="Extend Rectangular Selection To End Of Document Line"/>
  <Next-Bookmark shortcut="" function="Next Bookmark"/>
  <Copy-Selection shortcut="Ctrl+C" function="Copy Selection"/>
  <Move-To-End-Of-Display-Or-Document-Line shortcut="" function="Move To End Of Display Or Document Line"/>
  <Stuttered-Extend-Selection-Up-One-Page shortcut="" function="Stuttered Extend Selection Up One Page"/>
  <Move-Left-One-Character shortcut="Left" function="Move Left One Character"/>
  <Duplicate-Selection shortcut="Ctrl+D" function="Duplicate Selection"/>
  <Move-Selected-Lines-Up-One-Line shortcut="" function="Move Selected Lines Up One Line"/>
  <Convert-Selection-To-Lower-Case shortcut="Ctrl+U" function="Convert Selection To Lower Case"/>
  <Move-Left-One-Word shortcut="Ctrl+Left" function="Move Left One Word"/>
  <Extend-Selection-Up-One-Paragraph shortcut="Ctrl+Shift+[" function="Extend Selection Up One Paragraph"/>
  <Extend-Selection-Right-One-Character shortcut="Shift+Right" function="Extend Selection Right One Character"/>
  <Extend-Selection-To-End-Of-Previous-Word shortcut="" function="Extend Selection To End Of Previous Word"/>
  <Extend-Selection-To-Start-Of-Document-Line shortcut="" function="Extend Selection To Start Of Document Line"/>
  <Uncomment shortcut="Alt+E" function="Uncomment line/selection"/>
  <Extend-Selection-To-End-Of-Document-Line shortcut="Shift+End" function="Extend Selection To End Of Document Line"/>
  <Extend-Rectangular-Selection-Down-One-Page shortcut="Alt+Shift+PgDown" function="Extend Rectangular Selection Down One Page"/>
  <Delete-Word-To-Left shortcut="Ctrl+Backspace" function="Delete Word To Left"/>
  <Copy-Current-Line shortcut="Ctrl+Shift+T" function="Copy Current Line"/>
  <Extend-Selection-Right-One-Word-Part shortcut="Ctrl+Shift+\" function="Extend Selection Right One Word Part"/>
  <Delete-Word-To-Right shortcut="Ctrl+Del" function="Delete Word To Right"/>
  <Move-To-Start-Of-Display-Or-Document-Line shortcut="" function="Move To Start Of Display Or Document Line"/>
  <Extend-Selection-Up-One-Page shortcut="Shift+PgUp" function="Extend Selection Up One Page"/>
  <De-indent-One-Level shortcut="Shift+Tab" function="De-indent One Level"/>
  <Move-To-Start-Of-Display-Line shortcut="Alt+Home" function="Move To Start Of Display Line"/>
  <Extend-Selection-To-End-Of-Display-Or-Document-Line shortcut="" function="Extend Selection To End Of Display Or Document Line"/>
  <Move-Up-One-Page shortcut="PgUp" function="Move Up One Page"/>
  <Move-To-End-Of-Next-Word shortcut="" function="Move To End Of Next Word"/>
  <Extend-Rectangular-Selection-Up-One-Page shortcut="Alt+Shift+PgUp" function="Extend Rectangular Selection Up One Page"/>
  <Comment shortcut="Ctrl+E" function="Comment line/selection"/>
  <Move-To-End-Of-Display-Line shortcut="Alt+End" function="Move To End Of Display Line"/>
  <Delete-Previous-Character-If-Not-At-Start-Of-Line shortcut="" function="Delete Previous Character If Not At Start Of Line"/>
  <Extend-Rectangular-Selection-Right-One-Character shortcut="Alt+Shift+Right" function="Extend Rectangular Selection Right One Character"/>
  <Delete-Current-Line shortcut="Ctrl+Shift+L" function="Delete Current Line"/>
  <Move-To-End-Of-Document shortcut="Ctrl+End" function="Move To End Of Document"/>
  <Extend-Rectangular-Selection-To-First-Visible-Character-In-Document-Line shortcut="Alt+Shift+Home" function="Extend Rectangular Selection To First Visible Character In Document Line"/>
  <Move-To-End-Of-Previous-Word shortcut="" function="Move To End Of Previous Word"/>
  <Paste shortcut="Ctrl+V" function="Paste"/>
  <Move-Down-One-Page shortcut="PgDown" function="Move Down One Page"/>
  <Delete-Current-Character shortcut="Del" function="Delete Current Character"/>
  <Undo-Last-Command shortcut="Ctrl+Z" function="Undo Last Command"/>
  <Move-To-First-Visible-Character-Of-Display-In-Document-Line shortcut="" function="Move To First Visible Character Of Display In Document Line"/>
  <Extend-Selection-To-First-Visible-Character-In-Display-Or-Document-Line shortcut="" function="Extend Selection To First Visible Character In Display Or Document Line"/>
  <Extend-Selection-Up-One-Line shortcut="Shift+Up" function="Extend Selection Up One Line"/>
  <Cancel shortcut="Esc" function="Cancel"/>
  <Move-To-End-Of-Document-Line shortcut="End" function="Move To End Of Document Line"/>
  <Move-Left-One-Word-Part shortcut="Ctrl+/" function="Move Left One Word Part"/>
  <Extend-Selection-To-Start-Of-Display-Or-Document-Line shortcut="" function="Extend Selection To Start Of Display Or Document Line"/>
  <Toggle-Insert-or-Overtype shortcut="Ins" function="Toggle Insert/overtype"/>
  <Stuttered-Move-Down-One-Page shortcut="" function="Stuttered Move Down One Page"/>
  <Insert-Newline shortcut="Return" function="Insert Newline"/>
  <Extend-Selection-To-End-Of-Document shortcut="Ctrl+Shift+End" function="Extend Selection To End Of Document"/>
  <Extend-Selection-Down-One-Page shortcut="Shift+PgDown" function="Extend Selection Down One Page"/>
  <Move-Down-One-Paragraph shortcut="Ctrl+]" function="Move Down One Paragraph"/>
  <Move-To-Start-Of-Document shortcut="Ctrl+Home" function="Move To Start Of Document"/>
  <Formfeed shortcut="" function="Formfeed"/>
  <Extend-Selection-Left-One-Character shortcut="Shift+Left" function="Extend Selection Left One Character"/>
  <Extend-Selection-Right-One-Word shortcut="Ctrl+Shift+Right" function="Extend Selection Right One Word"/>
  <Stuttered-Extend-Selection-Down-One-Page shortcut="" function="Stuttered Extend Selection Down One Page"/>
  <Move-Right-One-Character shortcut="Right" function="Move Right One Character"/>
  <Extend-Rectangular-Selection-Down-One-Line shortcut="Alt+Shift+Down" function="Extend Rectangular Selection Down One Line"/>
  <Extend-Selection-To-First-Visible-Character-In-Document-Line shortcut="Shift+Home" function="Extend Selection To First Visible Character In Document Line"/>
  <Extend-Selection-To-End-Of-Next-Word shortcut="" function="Extend Selection To End Of Next Word"/>
  <Extend-Rectangular-Selection-Left-One-Character shortcut="Alt+Shift+Left" function="Extend Rectangular Selection Left One Character"/>
  <Duplicate-The-Current-Line shortcut="" function="Duplicate The Current Line"/>
  <Extend-Selection-To-Start-Of-Display-Line shortcut="" function="Extend Selection To Start Of Display Line"/>
  <Indent-One-Level shortcut="Tab" function="Indent One Level"/>
  <Select-to-Matching-Brace shortcut="" function="Select to Matching Brace"/>
  <Move-Right-One-Word-Part shortcut="Ctrl+\" function="Move Right One Word Part"/>
  <Toggle-Indentation-Guide shortcut="Alt+I" function="Toggle Indentation Guide"/>
  <Zoom-Out shortcut="Ctrl+-" function="Zoom Out"/>
  <Stuttered-Move-Up-One-Page shortcut="" function="Stuttered Move Up One Page"/>
  <Previous-Bookmark shortcut="" function="Previous Bookmark"/>
  <Delete-Previous-Character shortcut="Backspace" function="Delete Previous Character"/>
  <Transpose-Current-And-Previous-Lines shortcut="Ctrl+T" function="Transpose Current And Previous Lines"/>
  <Scroll-View-Down-One-Line shortcut="Ctrl+Down" function="Scroll View Down One Line"/>
  <Fold-Code shortcut="" function="Fold Code"/>
  <Cut-Current-Line shortcut="Ctrl+L" function="Cut Current Line"/>
  <Scroll-Vertically-To-Centre-Current-Line shortcut="" function="Scroll Vertically To Centre Current Line"/>
  <Redo-Last-Command shortcut="Ctrl+Y" function="Redo Last Command"/>
  <Extend-Selection-Left-One-Word shortcut="Ctrl+Shift+Left" function="Extend Selection Left One Word"/>
  <Move-To-First-Visible-Character-In-Document-Line shortcut="Home" function="Move To First Visible Character In Document Line"/>
  <Snippets shortcut="Ctrl+K" function="Show Snippets"/>
  <Toggle-Breakpoint shortcut="Alt+B" function="Toggle Breakpoint"/>
  <Extend-Selection-To-End-Of-Display-Line shortcut="" function="Extend Selection To End Of Display Line"/>
  <Show-Completion shortcut="Ctrl+Space" function="Show Completions"/>
  <Extend-Selection-To-Start-Of-Document shortcut="Ctrl+Shift+Home" function="Extend Selection To Start Of Document"/>
  <Move-Down-One-Line shortcut="Down" function="Move Down One Line"/>
  <Zoom-In shortcut="Ctrl++" function="Zoom In"/>
  <Extend-Rectangular-Selection-Up-One-Line shortcut="Alt+Shift+Up" function="Extend Rectangular Selection Up One Line"/>
  <Move-Right-One-Word shortcut="Ctrl+Right" function="Move Right One Word"/>
  <Extend-Selection-Left-One-Word-Part shortcut="Ctrl+Shift+/" function="Extend Selection Left One Word Part"/>
  <Delete-Line-To-Right shortcut="Ctrl+Shift+Del" function="Delete Line To Right"/>
  <Select-All shortcut="Ctrl+A" function="Select All"/>
  <Scroll-To-Start-Of-Document shortcut="" function="Scroll To Start Of Document"/>
  <Delete-Right-To-End-Of-Next-Word shortcut="" function="Delete Right To End Of Next Word"/>
  <Move-Selected-Lines-Down-One-Line shortcut="" function="Move Selected Lines Down One Line"/>
  <Scroll-To-End-Of-Document shortcut="" function="Scroll To End Of Document"/>
  <Move-To-Start-Of-Document-Line shortcut="" function="Move To Start Of Document Line"/>
  <Cut-Selection shortcut="Ctrl+X" function="Cut Selection"/>
  <Move-Up-One-Line shortcut="Up" function="Move Up One Line"/>
  <Extend-Rectangular-Selection-To-Start-Of-Document-Line shortcut="" function="Extend Rectangular Selection To Start Of Document Line"/>
 </Editor>
</keymap>
