<?xml version="1.0" encoding="UTF-8"?>
<!DOCTYPE usedata>
<usedata>
 <openedprojects>
 </openedprojects>
 <settings>
  <key>ShowCaretLine=True</key>
  <key>EnableAssistance=True</key>
  <key>EnableFolding=False</key>
  <key>EdgeMode=Line</key>
  <key>CaretLineColor=#D4FFD4</key>
  <key>EditorStylePython=Default</key>
  <key>Autosave=False</key>
  <key>EdgeColumn=78</key>
  <key>SoundsEnabled=False</key>
  <key>LastOpenedPath=C:\Users\HARRIOSN\Documents\PcodeProjects\Projects\PythonApp</key>
  <key>Running=False</key>
  <key>MarkSearchOccurrence=True</key>
  <key>DocOnHover=False</key>
  <key>ShowWhiteSpaces=False</key>
  <key>EditorStyleCss=Default</key>
  <key>DynamicSearch=True</key>
  <key>EditorStyleXml=Default</key>
  <key>EditorStyleName=Default</key>
  <key>AutoCompletion=Api</key>
  <key>EnableAlerts=True</key>
  <key>EnableAutoCompletion=True</key>
  <key>ShowEdgeLine=False</key>
  <key>EditorStyleHtml=Default</key>
  <key>SelectionColor=#aaddff</key>
  <key>ShowLineNumbers=False</key>
  <key>CallTips=False</key>
  <key>FirstRun=False</key>
  <key>enableStyleGuide=False</key>
  <key>MatchBraces=False</key>
 </settings>
</usedata>
<usedata/>
