<?xml version="1.0" encoding="UTF-8"?>
<!DOCTYPE Theme>
<Attributes>
 <lexer>
  <property size="11" paper="#ffffff" bold="False" color="#d5d5d5" font="Courier New" italic="False">Number</property>
  <property size="11" paper="#ffffff" bold="False" color="#d5d5d5" font="Courier New" italic="False">Operator</property>
  <property size="11" paper="#ffffff" bold="False" color="#d5d5d5" font="Courier New" italic="False">Identifier</property>
  <property size="11" paper="#ffffff" bold="False" color="#d5d5d5" font="Courier New" italic="False">ClassName</property>
  <property size="11" paper="#ffffff" bold="False" color="#999999" font="Courier New" italic="False">Comment</property>
  <property size="11" paper="#ffbef1" bold="False" color="#999999" font="Courier New" italic="False">UnclosedString</property>
  <property size="11" paper="#ffffff" bold="False" color="#999999" font="Courier New" italic="False">DoubleQuotedString</property>
  <property size="11" paper="#ffffff" bold="False" color="#999999" font="Courier New" italic="False">CommentBlock</property>
  <property size="11" paper="#ffffff" bold="False" color="#999999" font="Courier New" italic="False">TripleSingleQuotedString</property>
  <property size="11" paper="#ffbef1" bold="False" color="#999999" font="Courier New" italic="False">HighlightedIdentifier</property>
  <property size="11" paper="#ffffff" bold="False" color="#999999" font="Courier New" italic="False">Decorator</property>
  <property size="11" paper="#ffffff" bold="False" color="#999999" font="Courier New" italic="False">TripleDoubleQuotedString</property>
  <property size="11" paper="#ffffff" bold="False" color="#999999" font="Courier New" italic="False">Default</property>
  <property size="11" paper="#ffffff" bold="False" color="#d5d5d5" font="Courier New" italic="False">FunctionMethodName</property>
  <property size="11" paper="#ffffff" bold="False" color="#999999" font="Courier New" italic="False">SingleQuotedString</property>
  <property size="11" paper="#ffffff" bold="False" color="#999999" font="Courier New" italic="False">Keyword</property>
 </lexer>
 <editor>
  <property background="#000000" foreground="#abd8ff">Warnings</property>
  <property background="#ffffff" foreground="#000000" highLight="#ffffff">Calltips</property>
  <property background="#000000" foreground="#ff0000">Unmatched Braces</property>
  <property background="#000000" foreground="#ffffff">Matched Braces</property>
  <property background="#0d0e0c" foreground="#f8f8f8">White Spaces</property>
  <property background="#636363" foreground="#191919">Indentation Guide</property>
  <property background="#ffffff" foreground="#ff0000">Edge Line</property>
  <property background="#000000" foreground="#ff664b">Errors</property>
  <property background="Custom" foreground="#0d0e0c">Paper</property>
  <property size="11" bold="False" background="#0d0e0c" foreground="#515151" font="Courier New" italic="False">Number Margin</property>
  <property background="#0d0e0c" foreground="#0d0e0c">Fold Margin</property>
  <property background="#2d2d2d" foreground="#ffffff">Active Line</property>
  <property background="#4c4c4c" foreground="#ffffff">Selection</property>
  <property background="#0d0e0c" foreground="#3d3d3d">Fold Markers</property>
 </editor>
</Attributes>
